UDI;UDI-DI;EXPIRY DATE;LOT;UNIQUE NR
010540700797213517280531103230327521FA2500089971;05407007972135;280531;32303275;FA2500089971
010540700797213517280531103230327521FA2500089973;05407007972135;280531;32303275;FA2500089973
010540700797213517280531103230327521FA2500089975;05407007972135;280531;32303275;FA2500089975
010540700797213517280531103230327521FA2500089977;05407007972135;280531;32303275;FA2500089977
010540700797213517280531103230327521FA2500089979;05407007972135;280531;32303275;FA2500089979
010540700797213517280531103230327521FA2500089981;05407007972135;280531;32303275;FA2500089981
010540700797213517280531103230327521FA2500089983;05407007972135;280531;32303275;FA2500089983
010540700797213517280531103230327521FA2500089985;05407007972135;280531;32303275;FA2500089985
010540700797213517280531103230327521FA2500089987;05407007972135;280531;32303275;FA2500089987
010540700797213517280531103230327521FA2500089989;05407007972135;280531;32303275;FA2500089989
010540700797213517280531103230327521FA2500089991;05407007972135;280531;32303275;FA2500089991
010540700797213517280531103230327521FA2500089993;05407007972135;280531;32303275;FA2500089993
010540700797213517280531103230327521FA2500089995;05407007972135;280531;32303275;FA2500089995
010540700797213517280531103230327521FA2500089997;05407007972135;280531;32303275;FA2500089997
010540700797213517280531103230327521FA2500089999;05407007972135;280531;32303275;FA2500089999
010540700797213517280531103230327521FA2500090001;05407007972135;280531;32303275;FA2500090001
010540700797213517280531103230327521FA2500090003;05407007972135;280531;32303275;FA2500090003
010540700797213517280531103230327521FA2500090005;05407007972135;280531;32303275;FA2500090005
010540700797213517280531103230327521FA2500090007;05407007972135;280531;32303275;FA2500090007
010540700797213517280531103230327521FA2500090009;05407007972135;280531;32303275;FA2500090009
010540700797213517280531103230327521FA2500090011;05407007972135;280531;32303275;FA2500090011
010540700797213517280531103230327521FA2500090013;05407007972135;280531;32303275;FA2500090013
010540700797213517280531103230327521FA2500090015;05407007972135;280531;32303275;FA2500090015
010540700797213517280531103230327521FA2500090017;05407007972135;280531;32303275;FA2500090017
010540700797213517280531103230327521FA2500090019;05407007972135;280531;32303275;FA2500090019
010540700797213517280531103230327521FA2500090021;05407007972135;280531;32303275;FA2500090021
010540700797213517280531103230327521FA2500090023;05407007972135;280531;32303275;FA2500090023
010540700797213517280531103230327521FA2500090025;05407007972135;280531;32303275;FA2500090025
010540700797213517280531103230327521FA2500090027;05407007972135;280531;32303275;FA2500090027
010540700797213517280531103230327521FA2500090029;05407007972135;280531;32303275;FA2500090029
010540700797213517280531103230327521FA2500090031;05407007972135;280531;32303275;FA2500090031
010540700797213517280531103230327521FA2500090033;05407007972135;280531;32303275;FA2500090033
010540700797213517280531103230327521FA2500090035;05407007972135;280531;32303275;FA2500090035
010540700797213517280531103230327521FA2500090037;05407007972135;280531;32303275;FA2500090037
010540700797213517280531103230327521FA2500090039;05407007972135;280531;32303275;FA2500090039
010540700797213517280531103230327521FA2500090041;05407007972135;280531;32303275;FA2500090041
010540700797213517280531103230327521FA2500090043;05407007972135;280531;32303275;FA2500090043
010540700797213517280531103230327521FA2500090045;05407007972135;280531;32303275;FA2500090045
010540700797213517280531103230327521FA2500090047;05407007972135;280531;32303275;FA2500090047
010540700797213517280531103230327521FA2500090049;05407007972135;280531;32303275;FA2500090049
010540700797213517280531103230327521FA2500090051;05407007972135;280531;32303275;FA2500090051
010540700797213517280531103230327521FA2500090053;05407007972135;280531;32303275;FA2500090053
010540700797213517280531103230327521FA2500090055;05407007972135;280531;32303275;FA2500090055
010540700797213517280531103230327521FA2500090057;05407007972135;280531;32303275;FA2500090057
010540700797213517280531103230327521FA2500090059;05407007972135;280531;32303275;FA2500090059
010540700797213517280531103230327521FA2500090061;05407007972135;280531;32303275;FA2500090061
010540700797213517280531103230327521FA2500090063;05407007972135;280531;32303275;FA2500090063
010540700797213517280531103230327521FA2500090065;05407007972135;280531;32303275;FA2500090065
010540700797213517280531103230327521FA2500090067;05407007972135;280531;32303275;FA2500090067
010540700797213517280531103230327521FA2500090069;05407007972135;280531;32303275;FA2500090069
010540700797213517280531103230327521FA2500090071;05407007972135;280531;32303275;FA2500090071
010540700797213517280531103230327521FA2500090073;05407007972135;280531;32303275;FA2500090073
010540700797213517280531103230327521FA2500090075;05407007972135;280531;32303275;FA2500090075
010540700797213517280531103230327521FA2500090077;05407007972135;280531;32303275;FA2500090077
010540700797213517280531103230327521FA2500090079;05407007972135;280531;32303275;FA2500090079
010540700797213517280531103230327521FA2500090081;05407007972135;280531;32303275;FA2500090081
010540700797213517280531103230327521FA2500090083;05407007972135;280531;32303275;FA2500090083
010540700797213517280531103230327521FA2500090085;05407007972135;280531;32303275;FA2500090085
010540700797213517280531103230327521FA2500090087;05407007972135;280531;32303275;FA2500090087
010540700797213517280531103230327521FA2500090089;05407007972135;280531;32303275;FA2500090089
010540700797213517280531103230327521FA2500090091;05407007972135;280531;32303275;FA2500090091
010540700797213517280531103230327521FA2500090093;05407007972135;280531;32303275;FA2500090093
010540700797213517280531103230327521FA2500090095;05407007972135;280531;32303275;FA2500090095
010540700797213517280531103230327521FA2500090097;05407007972135;280531;32303275;FA2500090097
010540700797213517280531103230327521FA2500090099;05407007972135;280531;32303275;FA2500090099
010540700797213517280531103230327521FA2500090101;05407007972135;280531;32303275;FA2500090101
010540700797213517280531103230327521FA2500090103;05407007972135;280531;32303275;FA2500090103
010540700797213517280531103230327521FA2500090105;05407007972135;280531;32303275;FA2500090105
010540700797213517280531103230327521FA2500090107;05407007972135;280531;32303275;FA2500090107
010540700797213517280531103230327521FA2500090109;05407007972135;280531;32303275;FA2500090109
010540700797213517280531103230327521FA2500090111;05407007972135;280531;32303275;FA2500090111
010540700797213517280531103230327521FA2500090113;05407007972135;280531;32303275;FA2500090113
010540700797213517280531103230327521FA2500090115;05407007972135;280531;32303275;FA2500090115
010540700797213517280531103230327521FA2500090117;05407007972135;280531;32303275;FA2500090117
010540700797213517280531103230327521FA2500090119;05407007972135;280531;32303275;FA2500090119
010540700797213517280531103230327521FA2500090121;05407007972135;280531;32303275;FA2500090121
010540700797213517280531103230327521FA2500090123;05407007972135;280531;32303275;FA2500090123
010540700797213517280531103230327521FA2500090125;05407007972135;280531;32303275;FA2500090125
010540700797213517280531103230327521FA2500090127;05407007972135;280531;32303275;FA2500090127
010540700797213517280531103230327521FA2500090129;05407007972135;280531;32303275;FA2500090129
010540700797213517280531103230327521FA2500090131;05407007972135;280531;32303275;FA2500090131
010540700797213517280531103230327521FA2500090133;05407007972135;280531;32303275;FA2500090133
010540700797213517280531103230327521FA2500090135;05407007972135;280531;32303275;FA2500090135
010540700797213517280531103230327521FA2500090137;05407007972135;280531;32303275;FA2500090137
010540700797213517280531103230327521FA2500090139;05407007972135;280531;32303275;FA2500090139
010540700797213517280531103230327521FA2500090141;05407007972135;280531;32303275;FA2500090141
010540700797213517280531103230327521FA2500090143;05407007972135;280531;32303275;FA2500090143
010540700797213517280531103230327521FA2500090145;05407007972135;280531;32303275;FA2500090145
010540700797213517280531103230327521FA2500090147;05407007972135;280531;32303275;FA2500090147
010540700797213517280531103230327521FA2500090149;05407007972135;280531;32303275;FA2500090149
010540700797213517280531103230327521FA2500090151;05407007972135;280531;32303275;FA2500090151
010540700797213517280531103230327521FA2500090153;05407007972135;280531;32303275;FA2500090153
010540700797213517280531103230327521FA2500090155;05407007972135;280531;32303275;FA2500090155
010540700797213517280531103230327521FA2500090157;05407007972135;280531;32303275;FA2500090157
010540700797213517280531103230327521FA2500090159;05407007972135;280531;32303275;FA2500090159
010540700797213517280531103230327521FA2500090161;05407007972135;280531;32303275;FA2500090161
010540700797213517280531103230327521FA2500090163;05407007972135;280531;32303275;FA2500090163
010540700797213517280531103230327521FA2500090165;05407007972135;280531;32303275;FA2500090165
010540700797213517280531103230327521FA2500090167;05407007972135;280531;32303275;FA2500090167
010540700797213517280531103230327521FA2500090169;05407007972135;280531;32303275;FA2500090169
010540700797213517280531103230327521FA2500090171;05407007972135;280531;32303275;FA2500090171
010540700797213517280531103230327521FA2500090173;05407007972135;280531;32303275;FA2500090173
010540700797213517280531103230327521FA2500090175;05407007972135;280531;32303275;FA2500090175
010540700797213517280531103230327521FA2500090177;05407007972135;280531;32303275;FA2500090177
010540700797213517280531103230327521FA2500090179;05407007972135;280531;32303275;FA2500090179
010540700797213517280531103230327521FA2500090181;05407007972135;280531;32303275;FA2500090181
010540700797213517280531103230327521FA2500090183;05407007972135;280531;32303275;FA2500090183
010540700797213517280531103230327521FA2500090185;05407007972135;280531;32303275;FA2500090185
010540700797213517280531103230327521FA2500090187;05407007972135;280531;32303275;FA2500090187
010540700797213517280531103230327521FA2500090189;05407007972135;280531;32303275;FA2500090189
010540700797213517280531103230327521FA2500090191;05407007972135;280531;32303275;FA2500090191
010540700797213517280531103230327521FA2500090193;05407007972135;280531;32303275;FA2500090193
010540700797213517280531103230327521FA2500090195;05407007972135;280531;32303275;FA2500090195
010540700797213517280531103230327521FA2500090197;05407007972135;280531;32303275;FA2500090197
010540700797213517280531103230327521FA2500090199;05407007972135;280531;32303275;FA2500090199
010540700797213517280531103230327521FA2500090203;05407007972135;280531;32303275;FA2500090203
010540700797213517280531103230327521FA2500090205;05407007972135;280531;32303275;FA2500090205
010540700797213517280531103230327521FA2500090207;05407007972135;280531;32303275;FA2500090207
010540700797213517280531103230327521FA2500090209;05407007972135;280531;32303275;FA2500090209
010540700797213517280531103230327521FA2500090211;05407007972135;280531;32303275;FA2500090211
010540700797213517280531103230327521FA2500090213;05407007972135;280531;32303275;FA2500090213
010540700797213517280531103230327521FA2500090215;05407007972135;280531;32303275;FA2500090215
010540700797213517280531103230327521FA2500090217;05407007972135;280531;32303275;FA2500090217
010540700797213517280531103230327521FA2500090219;05407007972135;280531;32303275;FA2500090219
010540700797213517280531103230327521FA2500090221;05407007972135;280531;32303275;FA2500090221
010540700797213517280531103230327521FA2500090223;05407007972135;280531;32303275;FA2500090223
010540700797213517280531103230327521FA2500090225;05407007972135;280531;32303275;FA2500090225
010540700797213517280531103230327521FA2500090227;05407007972135;280531;32303275;FA2500090227
010540700797213517280531103230327521FA2500090229;05407007972135;280531;32303275;FA2500090229
010540700797213517280531103230327521FA2500090231;05407007972135;280531;32303275;FA2500090231
010540700797213517280531103230327521FA2500090233;05407007972135;280531;32303275;FA2500090233
010540700797213517280531103230327521FA2500090235;05407007972135;280531;32303275;FA2500090235
010540700797213517280531103230327521FA2500090237;05407007972135;280531;32303275;FA2500090237
010540700797213517280531103230327521FA2500090239;05407007972135;280531;32303275;FA2500090239
010540700797213517280531103230327521FA2500090241;05407007972135;280531;32303275;FA2500090241
010540700797213517280531103230327521FA2500090243;05407007972135;280531;32303275;FA2500090243
010540700797213517280531103230327521FA2500090245;05407007972135;280531;32303275;FA2500090245
010540700797213517280531103230327521FA2500090247;05407007972135;280531;32303275;FA2500090247
010540700797213517280531103230327521FA2500090249;05407007972135;280531;32303275;FA2500090249
010540700797213517280531103230327521FA2500090251;05407007972135;280531;32303275;FA2500090251
010540700797213517280531103230327521FA2500090253;05407007972135;280531;32303275;FA2500090253
010540700797213517280531103230327521FA2500090255;05407007972135;280531;32303275;FA2500090255
010540700797213517280531103230327521FA2500090257;05407007972135;280531;32303275;FA2500090257
010540700797213517280531103230327521FA2500090259;05407007972135;280531;32303275;FA2500090259
010540700797213517280531103230327521FA2500090261;05407007972135;280531;32303275;FA2500090261
010540700797213517280531103230327521FA2500090263;05407007972135;280531;32303275;FA2500090263
010540700797213517280531103230327521FA2500090265;05407007972135;280531;32303275;FA2500090265
010540700797213517280531103230327521FA2500090267;05407007972135;280531;32303275;FA2500090267
010540700797213517280531103230327521FA2500090269;05407007972135;280531;32303275;FA2500090269
010540700797213517280531103230327521FA2500090271;05407007972135;280531;32303275;FA2500090271
010540700797213517280531103230327521FA2500090273;05407007972135;280531;32303275;FA2500090273
010540700797213517280531103230327521FA2500090275;05407007972135;280531;32303275;FA2500090275
010540700797213517280531103230327521FA2500090277;05407007972135;280531;32303275;FA2500090277
010540700797213517280531103230327521FA2500090279;05407007972135;280531;32303275;FA2500090279
010540700797213517280531103230327521FA2500090281;05407007972135;280531;32303275;FA2500090281
010540700797213517280531103230327521FA2500090283;05407007972135;280531;32303275;FA2500090283
010540700797213517280531103230327521FA2500090285;05407007972135;280531;32303275;FA2500090285
010540700797213517280531103230327521FA2500090287;05407007972135;280531;32303275;FA2500090287
010540700797213517280531103230327521FA2500090289;05407007972135;280531;32303275;FA2500090289
010540700797213517280531103230327521FA2500090291;05407007972135;280531;32303275;FA2500090291
010540700797213517280531103230327521FA2500090293;05407007972135;280531;32303275;FA2500090293
010540700797213517280531103230327521FA2500090295;05407007972135;280531;32303275;FA2500090295
010540700797213517280531103230327521FA2500090297;05407007972135;280531;32303275;FA2500090297
010540700797213517280531103230327521FA2500090299;05407007972135;280531;32303275;FA2500090299
010540700797213517280531103230327521FA2500090301;05407007972135;280531;32303275;FA2500090301
010540700797213517280531103230327521FA2500090303;05407007972135;280531;32303275;FA2500090303
010540700797213517280531103230327521FA2500090305;05407007972135;280531;32303275;FA2500090305
010540700797213517280531103230327521FA2500090307;05407007972135;280531;32303275;FA2500090307
010540700797213517280531103230327521FA2500090311;05407007972135;280531;32303275;FA2500090311
010540700797213517280531103230327521FA2500090313;05407007972135;280531;32303275;FA2500090313
010540700797213517280531103230327521FA2500090315;05407007972135;280531;32303275;FA2500090315
010540700797213517280531103230327521FA2500090317;05407007972135;280531;32303275;FA2500090317
010540700797213517280531103230327521FA2500090319;05407007972135;280531;32303275;FA2500090319
010540700797213517280531103230327521FA2500090321;05407007972135;280531;32303275;FA2500090321
010540700797213517280531103230327521FA2500090323;05407007972135;280531;32303275;FA2500090323
010540700797213517280531103230327521FA2500090325;05407007972135;280531;32303275;FA2500090325
010540700797213517280531103230327521FA2500090327;05407007972135;280531;32303275;FA2500090327
010540700797213517280531103230327521FA2500090329;05407007972135;280531;32303275;FA2500090329
010540700797213517280531103230327521FA2500090331;05407007972135;280531;32303275;FA2500090331
010540700797213517280531103230327521FA2500090333;05407007972135;280531;32303275;FA2500090333
010540700797213517280531103230327521FA2500090335;05407007972135;280531;32303275;FA2500090335
010540700797213517280531103230327521FA2500090337;05407007972135;280531;32303275;FA2500090337
010540700797213517280531103230327521FA2500090339;05407007972135;280531;32303275;FA2500090339
010540700797213517280531103230327521FA2500090341;05407007972135;280531;32303275;FA2500090341
010540700797213517280531103230327521FA2500090343;05407007972135;280531;32303275;FA2500090343
010540700797213517280531103230327521FA2500090345;05407007972135;280531;32303275;FA2500090345
010540700797213517280531103230327521FA2500090349;05407007972135;280531;32303275;FA2500090349
010540700797213517280531103230327521FA2500090351;05407007972135;280531;32303275;FA2500090351
010540700797213517280531103230327521FA2500090353;05407007972135;280531;32303275;FA2500090353
010540700797213517280531103230327521FA2500090355;05407007972135;280531;32303275;FA2500090355
010540700797213517280531103230327521FA2500090357;05407007972135;280531;32303275;FA2500090357
010540700797213517280531103230327521FA2500090359;05407007972135;280531;32303275;FA2500090359
010540700797213517280531103230327521FA2500090361;05407007972135;280531;32303275;FA2500090361
010540700797213517280531103230327521FA2500090363;05407007972135;280531;32303275;FA2500090363
010540700797213517280531103230327521FA2500090365;05407007972135;280531;32303275;FA2500090365
010540700797213517280531103230327521FA2500090367;05407007972135;280531;32303275;FA2500090367
010540700797213517280531103230327521FA2500090369;05407007972135;280531;32303275;FA2500090369
010540700797213517280531103230327521FA2500090371;05407007972135;280531;32303275;FA2500090371
010540700797213517280531103230327521FA2500090373;05407007972135;280531;32303275;FA2500090373
010540700797213517280531103230327521FA2500090375;05407007972135;280531;32303275;FA2500090375
010540700797213517280531103230327521FA2500090377;05407007972135;280531;32303275;FA2500090377
010540700797213517280531103230327521FA2500090379;05407007972135;280531;32303275;FA2500090379
010540700797213517280531103230327521FA2500090381;05407007972135;280531;32303275;FA2500090381
010540700797213517280531103230327521FA2500090383;05407007972135;280531;32303275;FA2500090383
010540700797213517280531103230327521FA2500090385;05407007972135;280531;32303275;FA2500090385
010540700797213517280531103230327521FA2500090389;05407007972135;280531;32303275;FA2500090389
010540700797213517280531103230327521FA2500090391;05407007972135;280531;32303275;FA2500090391
010540700797213517280531103230327521FA2500090393;05407007972135;280531;32303275;FA2500090393
010540700797213517280531103230327521FA2500090395;05407007972135;280531;32303275;FA2500090395
010540700797213517280531103230327521FA2500090397;05407007972135;280531;32303275;FA2500090397
010540700797213517280531103230327521FA2500090399;05407007972135;280531;32303275;FA2500090399
010540700797213517280531103230327521FA2500090401;05407007972135;280531;32303275;FA2500090401
010540700797213517280531103230327521FA2500090403;05407007972135;280531;32303275;FA2500090403
010540700797213517280531103230327521FA2500090405;05407007972135;280531;32303275;FA2500090405
010540700797213517280531103230327521FA2500090407;05407007972135;280531;32303275;FA2500090407
010540700797213517280531103230327521FA2500090409;05407007972135;280531;32303275;FA2500090409
010540700797213517280531103230327521FA2500090411;05407007972135;280531;32303275;FA2500090411
010540700797213517280531103230327521FA2500090413;05407007972135;280531;32303275;FA2500090413
010540700797213517280531103230327521FA2500090415;05407007972135;280531;32303275;FA2500090415
010540700797213517280531103230327521FA2500090417;05407007972135;280531;32303275;FA2500090417
010540700797213517280531103230327521FA2500090419;05407007972135;280531;32303275;FA2500090419
010540700797213517280531103230327521FA2500090421;05407007972135;280531;32303275;FA2500090421
010540700797213517280531103230327521FA2500090423;05407007972135;280531;32303275;FA2500090423
010540700797213517280531103230327521FA2500090425;05407007972135;280531;32303275;FA2500090425
010540700797213517280531103230327521FA2500090427;05407007972135;280531;32303275;FA2500090427
010540700797213517280531103230327521FA2500090429;05407007972135;280531;32303275;FA2500090429
010540700797213517280531103230327521FA2500090431;05407007972135;280531;32303275;FA2500090431
010540700797213517280531103230327521FA2500090433;05407007972135;280531;32303275;FA2500090433
010540700797213517280531103230327521FA2500090435;05407007972135;280531;32303275;FA2500090435
010540700797213517280531103230327521FA2500090437;05407007972135;280531;32303275;FA2500090437
010540700797213517280531103230327521FA2500090439;05407007972135;280531;32303275;FA2500090439
010540700797213517280531103230327521FA2500090441;05407007972135;280531;32303275;FA2500090441
010540700797213517280531103230327521FA2500090443;05407007972135;280531;32303275;FA2500090443
010540700797213517280531103230327521FA2500090445;05407007972135;280531;32303275;FA2500090445
010540700797213517280531103230327521FA2500090447;05407007972135;280531;32303275;FA2500090447
010540700797213517280531103230327521FA2500090449;05407007972135;280531;32303275;FA2500090449
010540700797213517280531103230327521FA2500090451;05407007972135;280531;32303275;FA2500090451
010540700797213517280531103230327521FA2500090453;05407007972135;280531;32303275;FA2500090453
010540700797213517280531103230327521FA2500090455;05407007972135;280531;32303275;FA2500090455
010540700797213517280531103230327521FA2500090457;05407007972135;280531;32303275;FA2500090457
010540700797213517280531103230327521FA2500090459;05407007972135;280531;32303275;FA2500090459
010540700797213517280531103230327521FA2500090461;05407007972135;280531;32303275;FA2500090461
010540700797213517280531103230327521FA2500090465;05407007972135;280531;32303275;FA2500090465
010540700797213517280531103230327521FA2500090467;05407007972135;280531;32303275;FA2500090467
010540700797213517280531103230327521FA2500090469;05407007972135;280531;32303275;FA2500090469
010540700797213517280531103230327521FA2500090471;05407007972135;280531;32303275;FA2500090471
010540700797213517280531103230327521FA2500090473;05407007972135;280531;32303275;FA2500090473
010540700797213517280531103230327521FA2500090475;05407007972135;280531;32303275;FA2500090475
010540700797213517280531103230327521FA2500090477;05407007972135;280531;32303275;FA2500090477
010540700797213517280531103230327521FA2500090479;05407007972135;280531;32303275;FA2500090479
010540700797213517280531103230327521FA2500090481;05407007972135;280531;32303275;FA2500090481
010540700797213517280531103230327521FA2500090483;05407007972135;280531;32303275;FA2500090483
010540700797213517280531103230327521FA2500090485;05407007972135;280531;32303275;FA2500090485
010540700797213517280531103230327521FA2500090487;05407007972135;280531;32303275;FA2500090487
010540700797213517280531103230327521FA2500090489;05407007972135;280531;32303275;FA2500090489
010540700797213517280531103230327521FA2500090491;05407007972135;280531;32303275;FA2500090491
010540700797213517280531103230327521FA2500090493;05407007972135;280531;32303275;FA2500090493
010540700797213517280531103230327521FA2500090495;05407007972135;280531;32303275;FA2500090495
010540700797213517280531103230327521FA2500090497;05407007972135;280531;32303275;FA2500090497
010540700797213517280531103230327521FA2500090499;05407007972135;280531;32303275;FA2500090499
010540700797213517280531103230327521FA2500090501;05407007972135;280531;32303275;FA2500090501
010540700797213517280531103230327521FA2500090503;05407007972135;280531;32303275;FA2500090503
010540700797213517280531103230327521FA2500090505;05407007972135;280531;32303275;FA2500090505
010540700797213517280531103230327521FA2500090507;05407007972135;280531;32303275;FA2500090507
010540700797213517280531103230327521FA2500090509;05407007972135;280531;32303275;FA2500090509
010540700797213517280531103230327521FA2500090511;05407007972135;280531;32303275;FA2500090511
010540700797213517280531103230327521FA2500090515;05407007972135;280531;32303275;FA2500090515
010540700797213517280531103230327521FA2500090517;05407007972135;280531;32303275;FA2500090517
010540700797213517280531103230327521FA2500090519;05407007972135;280531;32303275;FA2500090519
010540700797213517280531103230327521FA2500090521;05407007972135;280531;32303275;FA2500090521
010540700797213517280531103230327521FA2500090523;05407007972135;280531;32303275;FA2500090523
010540700797213517280531103230327521FA2500090525;05407007972135;280531;32303275;FA2500090525
010540700797213517280531103230327521FA2500090527;05407007972135;280531;32303275;FA2500090527
010540700797213517280531103230327521FA2500090529;05407007972135;280531;32303275;FA2500090529
010540700797213517280531103230327521FA2500090531;05407007972135;280531;32303275;FA2500090531
010540700797213517280531103230327521FA2500090533;05407007972135;280531;32303275;FA2500090533
010540700797213517280531103230327521FA2500090535;05407007972135;280531;32303275;FA2500090535
010540700797213517280531103230327521FA2500090537;05407007972135;280531;32303275;FA2500090537
010540700797213517280531103230327521FA2500090539;05407007972135;280531;32303275;FA2500090539
010540700797213517280531103230327521FA2500090541;05407007972135;280531;32303275;FA2500090541
010540700797213517280531103230327521FA2500090543;05407007972135;280531;32303275;FA2500090543
010540700797213517280531103230327521FA2500090545;05407007972135;280531;32303275;FA2500090545
010540700797213517280531103230327521FA2500090547;05407007972135;280531;32303275;FA2500090547
010540700797213517280531103230327521FA2500090549;05407007972135;280531;32303275;FA2500090549
010540700797213517280531103230327521FA2500090551;05407007972135;280531;32303275;FA2500090551
010540700797213517280531103230327521FA2500090553;05407007972135;280531;32303275;FA2500090553
010540700797213517280531103230327521FA2500090555;05407007972135;280531;32303275;FA2500090555
010540700797213517280531103230327521FA2500090557;05407007972135;280531;32303275;FA2500090557
010540700797213517280531103230327521FA2500090559;05407007972135;280531;32303275;FA2500090559
010540700797213517280531103230327521FA2500090561;05407007972135;280531;32303275;FA2500090561
010540700797213517280531103230327521FA2500090563;05407007972135;280531;32303275;FA2500090563
010540700797213517280531103230327521FA2500090565;05407007972135;280531;32303275;FA2500090565
010540700797213517280531103230327521FA2500090567;05407007972135;280531;32303275;FA2500090567
010540700797213517280531103230327521FA2500090569;05407007972135;280531;32303275;FA2500090569
010540700797213517280531103230327521FA2500090571;05407007972135;280531;32303275;FA2500090571
010540700797213517280531103230327521FA2500090573;05407007972135;280531;32303275;FA2500090573
010540700797213517280531103230327521FA2500090575;05407007972135;280531;32303275;FA2500090575
010540700797213517280531103230327521FA2500091194;05407007972135;280531;32303275;FA2500091194
010540700797213517280531103230327521FA2500091196;05407007972135;280531;32303275;FA2500091196
010540700797213517280531103230327521FA2500091198;05407007972135;280531;32303275;FA2500091198
010540700797213517280531103230327521FA2500091200;05407007972135;280531;32303275;FA2500091200
010540700797213517280531103230327521FA2500091202;05407007972135;280531;32303275;FA2500091202
010540700797213517280531103230327521FA2500091204;05407007972135;280531;32303275;FA2500091204
010540700797213517280531103230327521FA2500091206;05407007972135;280531;32303275;FA2500091206
010540700797213517280531103230327521FA2500091208;05407007972135;280531;32303275;FA2500091208
010540700797213517280531103230327521FA2500091210;05407007972135;280531;32303275;FA2500091210
010540700797213517280531103230327521FA2500091212;05407007972135;280531;32303275;FA2500091212
010540700797213517280531103230327521FA2500091214;05407007972135;280531;32303275;FA2500091214
010540700797213517280531103230327521FA2500091216;05407007972135;280531;32303275;FA2500091216
010540700797213517280531103230327521FA2500091218;05407007972135;280531;32303275;FA2500091218
010540700797213517280531103230327521FA2500091220;05407007972135;280531;32303275;FA2500091220
010540700797213517280531103230327521FA2500091222;05407007972135;280531;32303275;FA2500091222
010540700797213517280531103230327521FA2500091224;05407007972135;280531;32303275;FA2500091224
010540700797213517280531103230327521FA2500091226;05407007972135;280531;32303275;FA2500091226
010540700797213517280531103230327521FA2500091228;05407007972135;280531;32303275;FA2500091228
010540700797213517280531103230327521FA2500091230;05407007972135;280531;32303275;FA2500091230
010540700797213517280531103230327521FA2500091232;05407007972135;280531;32303275;FA2500091232
010540700797213517280531103230327521FA2500091234;05407007972135;280531;32303275;FA2500091234
010540700797213517280531103230327521FA2500091236;05407007972135;280531;32303275;FA2500091236
010540700797213517280531103230327521FA2500091238;05407007972135;280531;32303275;FA2500091238
010540700797213517280531103230327521FA2500091240;05407007972135;280531;32303275;FA2500091240
010540700797213517280531103230327521FA2500091242;05407007972135;280531;32303275;FA2500091242
010540700797213517280531103230327521FA2500091244;05407007972135;280531;32303275;FA2500091244
010540700797213517280531103230327521FA2500091246;05407007972135;280531;32303275;FA2500091246
010540700797213517280531103230327521FA2500091248;05407007972135;280531;32303275;FA2500091248
010540700797213517280531103230327521FA2500091250;05407007972135;280531;32303275;FA2500091250
010540700797213517280531103230327521FA2500091252;05407007972135;280531;32303275;FA2500091252
010540700797213517280531103230327521FA2500091254;05407007972135;280531;32303275;FA2500091254
010540700797213517280531103230327521FA2500091256;05407007972135;280531;32303275;FA2500091256
010540700797213517280531103230327521FA2500091258;05407007972135;280531;32303275;FA2500091258
010540700797213517280531103230327521FA2500091260;05407007972135;280531;32303275;FA2500091260
010540700797213517280531103230327521FA2500091262;05407007972135;280531;32303275;FA2500091262
010540700797213517280531103230327521FA2500091264;05407007972135;280531;32303275;FA2500091264
010540700797213517280531103230327521FA2500091266;05407007972135;280531;32303275;FA2500091266
010540700797213517280531103230327521FA2500091268;05407007972135;280531;32303275;FA2500091268
010540700797213517280531103230327521FA2500091270;05407007972135;280531;32303275;FA2500091270
010540700797213517280531103230327521FA2500091272;05407007972135;280531;32303275;FA2500091272
010540700797213517280531103230327521FA2500091274;05407007972135;280531;32303275;FA2500091274
010540700797213517280531103230327521FA2500091276;05407007972135;280531;32303275;FA2500091276
010540700797213517280531103230327521FA2500091278;05407007972135;280531;32303275;FA2500091278
010540700797213517280531103230327521FA2500091280;05407007972135;280531;32303275;FA2500091280
010540700797213517280531103230327521FA2500091282;05407007972135;280531;32303275;FA2500091282
010540700797213517280531103230327521FA2500091284;05407007972135;280531;32303275;FA2500091284
010540700797213517280531103230327521FA2500091286;05407007972135;280531;32303275;FA2500091286
010540700797213517280531103230327521FA2500091288;05407007972135;280531;32303275;FA2500091288
010540700797213517280531103230327521FA2500091290;05407007972135;280531;32303275;FA2500091290
010540700797213517280531103230327521FA2500091292;05407007972135;280531;32303275;FA2500091292
010540700797213517280531103230327521FA2500091294;05407007972135;280531;32303275;FA2500091294
010540700797213517280531103230327521FA2500091296;05407007972135;280531;32303275;FA2500091296
010540700797213517280531103230327521FA2500091298;05407007972135;280531;32303275;FA2500091298
010540700797213517280531103230327521FA2500091300;05407007972135;280531;32303275;FA2500091300
010540700797213517280531103230327521FA2500091302;05407007972135;280531;32303275;FA2500091302
010540700797213517280531103230327521FA2500091304;05407007972135;280531;32303275;FA2500091304
010540700797213517280531103230327521FA2500091306;05407007972135;280531;32303275;FA2500091306
010540700797213517280531103230327521FA2500091308;05407007972135;280531;32303275;FA2500091308
010540700797213517280531103230327521FA2500091310;05407007972135;280531;32303275;FA2500091310
010540700797213517280531103230327521FA2500091312;05407007972135;280531;32303275;FA2500091312
010540700797213517280531103230327521FA2500091314;05407007972135;280531;32303275;FA2500091314
010540700797213517280531103230327521FA2500091316;05407007972135;280531;32303275;FA2500091316
010540700797213517280531103230327521FA2500091320;05407007972135;280531;32303275;FA2500091320
010540700797213517280531103230327521FA2500091322;05407007972135;280531;32303275;FA2500091322
010540700797213517280531103230327521FA2500091324;05407007972135;280531;32303275;FA2500091324
010540700797213517280531103230327521FA2500091326;05407007972135;280531;32303275;FA2500091326
010540700797213517280531103230327521FA2500091328;05407007972135;280531;32303275;FA2500091328
010540700797213517280531103230327521FA2500091330;05407007972135;280531;32303275;FA2500091330
010540700797213517280531103230327521FA2500091332;05407007972135;280531;32303275;FA2500091332
010540700797213517280531103230327521FA2500091334;05407007972135;280531;32303275;FA2500091334
010540700797213517280531103230327521FA2500091336;05407007972135;280531;32303275;FA2500091336
010540700797213517280531103230327521FA2500091340;05407007972135;280531;32303275;FA2500091340
010540700797213517280531103230327521FA2500091342;05407007972135;280531;32303275;FA2500091342
010540700797213517280531103230327521FA2500091344;05407007972135;280531;32303275;FA2500091344
010540700797213517280531103230327521FA2500091346;05407007972135;280531;32303275;FA2500091346
010540700797213517280531103230327521FA2500091348;05407007972135;280531;32303275;FA2500091348
010540700797213517280531103230327521FA2500091350;05407007972135;280531;32303275;FA2500091350
010540700797213517280531103230327521FA2500091352;05407007972135;280531;32303275;FA2500091352
010540700797213517280531103230327521FA2500091354;05407007972135;280531;32303275;FA2500091354
010540700797213517280531103230327521FA2500091356;05407007972135;280531;32303275;FA2500091356
010540700797213517280531103230327521FA2500091358;05407007972135;280531;32303275;FA2500091358
010540700797213517280531103230327521FA2500091360;05407007972135;280531;32303275;FA2500091360
010540700797213517280531103230327521FA2500091362;05407007972135;280531;32303275;FA2500091362
010540700797213517280531103230327521FA2500091364;05407007972135;280531;32303275;FA2500091364
010540700797213517280531103230327521FA2500091368;05407007972135;280531;32303275;FA2500091368
010540700797213517280531103230327521FA2500091370;05407007972135;280531;32303275;FA2500091370
010540700797213517280531103230327521FA2500091372;05407007972135;280531;32303275;FA2500091372
010540700797213517280531103230327521FA2500091374;05407007972135;280531;32303275;FA2500091374
010540700797213517280531103230327521FA2500091376;05407007972135;280531;32303275;FA2500091376
010540700797213517280531103230327521FA2500091378;05407007972135;280531;32303275;FA2500091378
010540700797213517280531103230327521FA2500091380;05407007972135;280531;32303275;FA2500091380
010540700797213517280531103230327521FA2500091382;05407007972135;280531;32303275;FA2500091382
010540700797213517280531103230327521FA2500091384;05407007972135;280531;32303275;FA2500091384
010540700797213517280531103230327521FA2500091386;05407007972135;280531;32303275;FA2500091386
010540700797213517280531103230327521FA2500091388;05407007972135;280531;32303275;FA2500091388
010540700797213517280531103230327521FA2500091390;05407007972135;280531;32303275;FA2500091390
010540700797213517280531103230327521FA2500091392;05407007972135;280531;32303275;FA2500091392
010540700797213517280531103230327521FA2500091394;05407007972135;280531;32303275;FA2500091394
010540700797213517280531103230327521FA2500091396;05407007972135;280531;32303275;FA2500091396
010540700797213517280531103230327521FA2500091398;05407007972135;280531;32303275;FA2500091398
010540700797213517280531103230327521FA2500091400;05407007972135;280531;32303275;FA2500091400
010540700797213517280531103230327521FA2500091402;05407007972135;280531;32303275;FA2500091402
010540700797213517280531103230327521FA2500091404;05407007972135;280531;32303275;FA2500091404
010540700797213517280531103230327521FA2500091406;05407007972135;280531;32303275;FA2500091406
010540700797213517280531103230327521FA2500091408;05407007972135;280531;32303275;FA2500091408
010540700797213517280531103230327521FA2500091410;05407007972135;280531;32303275;FA2500091410
010540700797213517280531103230327521FA2500091412;05407007972135;280531;32303275;FA2500091412
010540700797213517280531103230327521FA2500091414;05407007972135;280531;32303275;FA2500091414
010540700797213517280531103230327521FA2500091416;05407007972135;280531;32303275;FA2500091416
010540700797213517280531103230327521FA2500091418;05407007972135;280531;32303275;FA2500091418
010540700797213517280531103230327521FA2500091420;05407007972135;280531;32303275;FA2500091420
010540700797213517280531103230327521FA2500091422;05407007972135;280531;32303275;FA2500091422
010540700797213517280531103230327521FA2500091424;05407007972135;280531;32303275;FA2500091424
010540700797213517280531103230327521FA2500091426;05407007972135;280531;32303275;FA2500091426
010540700797213517280531103230327521FA2500091428;05407007972135;280531;32303275;FA2500091428
010540700797213517280531103230327521FA2500091430;05407007972135;280531;32303275;FA2500091430
010540700797213517280531103230327521FA2500091432;05407007972135;280531;32303275;FA2500091432
010540700797213517280531103230327521FA2500091434;05407007972135;280531;32303275;FA2500091434
010540700797213517280531103230327521FA2500091436;05407007972135;280531;32303275;FA2500091436
010540700797213517280531103230327521FA2500091438;05407007972135;280531;32303275;FA2500091438
010540700797213517280531103230327521FA2500091440;05407007972135;280531;32303275;FA2500091440
010540700797213517280531103230327521FA2500091442;05407007972135;280531;32303275;FA2500091442
010540700797213517280531103230327521FA2500091444;05407007972135;280531;32303275;FA2500091444
010540700797213517280531103230327521FA2500091446;05407007972135;280531;32303275;FA2500091446
010540700797213517280531103230327521FA2500091448;05407007972135;280531;32303275;FA2500091448
010540700797213517280531103230327521FA2500091450;05407007972135;280531;32303275;FA2500091450
010540700797213517280531103230327521FA2500091452;05407007972135;280531;32303275;FA2500091452
010540700797213517280531103230327521FA2500091454;05407007972135;280531;32303275;FA2500091454
010540700797213517280531103230327521FA2500091456;05407007972135;280531;32303275;FA2500091456
010540700797213517280531103230327521FA2500091458;05407007972135;280531;32303275;FA2500091458
010540700797213517280531103230327521FA2500091460;05407007972135;280531;32303275;FA2500091460
010540700797213517280531103230327521FA2500091462;05407007972135;280531;32303275;FA2500091462
010540700797213517280531103230327521FA2500091464;05407007972135;280531;32303275;FA2500091464
010540700797213517280531103230327521FA2500091466;05407007972135;280531;32303275;FA2500091466
010540700797213517280531103230327521FA2500091468;05407007972135;280531;32303275;FA2500091468
010540700797213517280531103230327521FA2500091470;05407007972135;280531;32303275;FA2500091470
010540700797213517280531103230327521FA2500091472;05407007972135;280531;32303275;FA2500091472
010540700797213517280531103230327521FA2500091474;05407007972135;280531;32303275;FA2500091474
010540700797213517280531103230327521FA2500091476;05407007972135;280531;32303275;FA2500091476
010540700797213517280531103230327521FA2500091478;05407007972135;280531;32303275;FA2500091478
010540700797213517280531103230327521FA2500091480;05407007972135;280531;32303275;FA2500091480
010540700797213517280531103230327521FA2500091482;05407007972135;280531;32303275;FA2500091482
010540700797213517280531103230327521FA2500091484;05407007972135;280531;32303275;FA2500091484
010540700797213517280531103230327521FA2500091486;05407007972135;280531;32303275;FA2500091486
010540700797213517280531103230327521FA2500091488;05407007972135;280531;32303275;FA2500091488
010540700797213517280531103230327521FA2500091490;05407007972135;280531;32303275;FA2500091490
010540700797213517280531103230327521FA2500091492;05407007972135;280531;32303275;FA2500091492
010540700797213517280531103230327521FA2500091494;05407007972135;280531;32303275;FA2500091494
010540700797213517280531103230327521FA2500091496;05407007972135;280531;32303275;FA2500091496
010540700797213517280531103230327521FA2500091498;05407007972135;280531;32303275;FA2500091498
010540700797213517280531103230327521FA2500091500;05407007972135;280531;32303275;FA2500091500
010540700797213517280531103230327521FA2500091502;05407007972135;280531;32303275;FA2500091502
010540700797213517280531103230327521FA2500091504;05407007972135;280531;32303275;FA2500091504
010540700797213517280531103230327521FA2500091506;05407007972135;280531;32303275;FA2500091506
010540700797213517280531103230327521FA2500091508;05407007972135;280531;32303275;FA2500091508
010540700797213517280531103230327521FA2500091510;05407007972135;280531;32303275;FA2500091510
010540700797213517280531103230327521FA2500091512;05407007972135;280531;32303275;FA2500091512
010540700797213517280531103230327521FA2500091514;05407007972135;280531;32303275;FA2500091514
010540700797213517280531103230327521FA2500091516;05407007972135;280531;32303275;FA2500091516
010540700797213517280531103230327521FA2500091518;05407007972135;280531;32303275;FA2500091518
010540700797213517280531103230327521FA2500091520;05407007972135;280531;32303275;FA2500091520
010540700797213517280531103230327521FA2500091522;05407007972135;280531;32303275;FA2500091522
010540700797213517280531103230327521FA2500091524;05407007972135;280531;32303275;FA2500091524
010540700797213517280531103230327521FA2500091526;05407007972135;280531;32303275;FA2500091526
010540700797213517280531103230327521FA2500091528;05407007972135;280531;32303275;FA2500091528
010540700797213517280531103230327521FA2500091530;05407007972135;280531;32303275;FA2500091530
010540700797213517280531103230327521FA2500091532;05407007972135;280531;32303275;FA2500091532
010540700797213517280531103230327521FA2500091534;05407007972135;280531;32303275;FA2500091534
010540700797213517280531103230327521FA2500091536;05407007972135;280531;32303275;FA2500091536
010540700797213517280531103230327521FA2500091538;05407007972135;280531;32303275;FA2500091538
010540700797213517280531103230327521FA2500091540;05407007972135;280531;32303275;FA2500091540
010540700797213517280531103230327521FA2500091542;05407007972135;280531;32303275;FA2500091542
010540700797213517280531103230327521FA2500091544;05407007972135;280531;32303275;FA2500091544
010540700797213517280531103230327521FA2500091546;05407007972135;280531;32303275;FA2500091546
010540700797213517280531103230327521FA2500091548;05407007972135;280531;32303275;FA2500091548
010540700797213517280531103230327521FA2500091550;05407007972135;280531;32303275;FA2500091550
010540700797213517280531103230327521FA2500091552;05407007972135;280531;32303275;FA2500091552
010540700797213517280531103230327521FA2500091554;05407007972135;280531;32303275;FA2500091554
010540700797213517280531103230327521FA2500091556;05407007972135;280531;32303275;FA2500091556
010540700797213517280531103230327521FA2500091558;05407007972135;280531;32303275;FA2500091558
010540700797213517280531103230327521FA2500091560;05407007972135;280531;32303275;FA2500091560
010540700797213517280531103230327521FA2500091562;05407007972135;280531;32303275;FA2500091562
010540700797213517280531103230327521FA2500091564;05407007972135;280531;32303275;FA2500091564
010540700797213517280531103230327521FA2500091566;05407007972135;280531;32303275;FA2500091566
010540700797213517280531103230327521FA2500091568;05407007972135;280531;32303275;FA2500091568
010540700797213517280531103230327521FA2500091570;05407007972135;280531;32303275;FA2500091570
010540700797213517280531103230327521FA2500091572;05407007972135;280531;32303275;FA2500091572
010540700797213517280531103230327521FA2500091574;05407007972135;280531;32303275;FA2500091574
010540700797213517280531103230327521FA2500091576;05407007972135;280531;32303275;FA2500091576
010540700797213517280531103230327521FA2500091578;05407007972135;280531;32303275;FA2500091578
010540700797213517280531103230327521FA2500091580;05407007972135;280531;32303275;FA2500091580
010540700797213517280531103230327521FA2500091582;05407007972135;280531;32303275;FA2500091582
010540700797213517280531103230327521FA2500091584;05407007972135;280531;32303275;FA2500091584
010540700797213517280531103230327521FA2500091586;05407007972135;280531;32303275;FA2500091586
010540700797213517280531103230327521FA2500091588;05407007972135;280531;32303275;FA2500091588
010540700797213517280531103230327521FA2500091590;05407007972135;280531;32303275;FA2500091590
010540700797213517280531103230327521FA2500091592;05407007972135;280531;32303275;FA2500091592
010540700797213517280531103230327521FA2500091594;05407007972135;280531;32303275;FA2500091594
010540700797213517280531103230327521FA2500091596;05407007972135;280531;32303275;FA2500091596
010540700797213517280531103230327521FA2500091598;05407007972135;280531;32303275;FA2500091598
010540700797213517280531103230327521FA2500091600;05407007972135;280531;32303275;FA2500091600
010540700797213517280531103230327521FA2500091602;05407007972135;280531;32303275;FA2500091602
010540700797213517280531103230327521FA2500091604;05407007972135;280531;32303275;FA2500091604
010540700797213517280531103230327521FA2500091608;05407007972135;280531;32303275;FA2500091608
010540700797213517280531103230327521FA2500091610;05407007972135;280531;32303275;FA2500091610
010540700797213517280531103230327521FA2500091612;05407007972135;280531;32303275;FA2500091612
010540700797213517280531103230327521FA2500091614;05407007972135;280531;32303275;FA2500091614
010540700797213517280531103230327521FA2500091616;05407007972135;280531;32303275;FA2500091616
010540700797213517280531103230327521FA2500091618;05407007972135;280531;32303275;FA2500091618
010540700797213517280531103230327521FA2500091620;05407007972135;280531;32303275;FA2500091620
010540700797213517280531103230327521FA2500091622;05407007972135;280531;32303275;FA2500091622
010540700797213517280531103230327521FA2500091624;05407007972135;280531;32303275;FA2500091624
010540700797213517280531103230327521FA2500091626;05407007972135;280531;32303275;FA2500091626
010540700797213517280531103230327521FA2500091628;05407007972135;280531;32303275;FA2500091628
010540700797213517280531103230327521FA2500091630;05407007972135;280531;32303275;FA2500091630
010540700797213517280531103230327521FA2500091632;05407007972135;280531;32303275;FA2500091632
010540700797213517280531103230327521FA2500091634;05407007972135;280531;32303275;FA2500091634
010540700797213517280531103230327521FA2500091636;05407007972135;280531;32303275;FA2500091636
010540700797213517280531103230327521FA2500091638;05407007972135;280531;32303275;FA2500091638
010540700797213517280531103230327521FA2500091640;05407007972135;280531;32303275;FA2500091640
010540700797213517280531103230327521FA2500091642;05407007972135;280531;32303275;FA2500091642
010540700797213517280531103230327521FA2500091646;05407007972135;280531;32303275;FA2500091646
010540700797213517280531103230327521FA2500091648;05407007972135;280531;32303275;FA2500091648
010540700797213517280531103230327521FA2500091650;05407007972135;280531;32303275;FA2500091650
010540700797213517280531103230327521FA2500091652;05407007972135;280531;32303275;FA2500091652
010540700797213517280531103230327521FA2500091654;05407007972135;280531;32303275;FA2500091654
010540700797213517280531103230327521FA2500091656;05407007972135;280531;32303275;FA2500091656
010540700797213517280531103230327521FA2500091658;05407007972135;280531;32303275;FA2500091658
010540700797213517280531103230327521FA2500091660;05407007972135;280531;32303275;FA2500091660
010540700797213517280531103230327521FA2500091662;05407007972135;280531;32303275;FA2500091662
010540700797213517280531103230327521FA2500091664;05407007972135;280531;32303275;FA2500091664
010540700797213517280531103230327521FA2500091666;05407007972135;280531;32303275;FA2500091666
010540700797213517280531103230327521FA2500091668;05407007972135;280531;32303275;FA2500091668
010540700797213517280531103230327521FA2500091670;05407007972135;280531;32303275;FA2500091670
010540700797213517280531103230327521FA2500091672;05407007972135;280531;32303275;FA2500091672
010540700797213517280531103230327521FA2500091674;05407007972135;280531;32303275;FA2500091674
010540700797213517280531103230327521FA2500091676;05407007972135;280531;32303275;FA2500091676
010540700797213517280531103230327521FA2500091678;05407007972135;280531;32303275;FA2500091678
010540700797213517280531103230327521FA2500091680;05407007972135;280531;32303275;FA2500091680
010540700797213517280531103230327521FA2500091682;05407007972135;280531;32303275;FA2500091682
010540700797213517280531103230327521FA2500091684;05407007972135;280531;32303275;FA2500091684
010540700797213517280531103230327521FA2500091686;05407007972135;280531;32303275;FA2500091686
010540700797213517280531103230327521FA2500091688;05407007972135;280531;32303275;FA2500091688
010540700797213517280531103230327521FA2500091690;05407007972135;280531;32303275;FA2500091690
010540700797213517280531103230327521FA2500091692;05407007972135;280531;32303275;FA2500091692
010540700797213517280531103230327521FA2500091694;05407007972135;280531;32303275;FA2500091694
010540700797213517280531103230327521FA2500091696;05407007972135;280531;32303275;FA2500091696
010540700797213517280531103230327521FA2500091698;05407007972135;280531;32303275;FA2500091698
010540700797213517280531103230327521FA2500091700;05407007972135;280531;32303275;FA2500091700
010540700797213517280531103230327521FA2500091702;05407007972135;280531;32303275;FA2500091702
010540700797213517280531103230327521FA2500091704;05407007972135;280531;32303275;FA2500091704
010540700797213517280531103230327521FA2500091706;05407007972135;280531;32303275;FA2500091706
010540700797213517280531103230327521FA2500091708;05407007972135;280531;32303275;FA2500091708
010540700797213517280531103230327521FA2500091710;05407007972135;280531;32303275;FA2500091710
010540700797213517280531103230327521FA2500091712;05407007972135;280531;32303275;FA2500091712
010540700797213517280531103230327521FA2500091714;05407007972135;280531;32303275;FA2500091714
010540700797213517280531103230327521FA2500091716;05407007972135;280531;32303275;FA2500091716
010540700797213517280531103230327521FA2500091718;05407007972135;280531;32303275;FA2500091718
010540700797213517280531103230327521FA2500091720;05407007972135;280531;32303275;FA2500091720
010540700797213517280531103230327521FA2500091722;05407007972135;280531;32303275;FA2500091722
010540700797213517280531103230327521FA2500091724;05407007972135;280531;32303275;FA2500091724
010540700797213517280531103230327521FA2500091726;05407007972135;280531;32303275;FA2500091726
010540700797213517280531103230327521FA2500091728;05407007972135;280531;32303275;FA2500091728
010540700797213517280531103230327521FA2500091730;05407007972135;280531;32303275;FA2500091730
010540700797213517280531103230327521FA2500091732;05407007972135;280531;32303275;FA2500091732
010540700797213517280531103230327521FA2500091734;05407007972135;280531;32303275;FA2500091734
010540700797213517280531103230327521FA2500091736;05407007972135;280531;32303275;FA2500091736
010540700797213517280531103230327521FA2500091738;05407007972135;280531;32303275;FA2500091738
010540700797213517280531103230327521FA2500091740;05407007972135;280531;32303275;FA2500091740
010540700797213517280531103230327521FA2500091742;05407007972135;280531;32303275;FA2500091742
010540700797213517280531103230327521FA2500091744;05407007972135;280531;32303275;FA2500091744
010540700797213517280531103230327521FA2500091746;05407007972135;280531;32303275;FA2500091746
010540700797213517280531103230327521FA2500091748;05407007972135;280531;32303275;FA2500091748
010540700797213517280531103230327521FA2500091750;05407007972135;280531;32303275;FA2500091750
010540700797213517280531103230327521FA2500091752;05407007972135;280531;32303275;FA2500091752
010540700797213517280531103230327521FA2500091754;05407007972135;280531;32303275;FA2500091754
010540700797213517280531103230327521FA2500091756;05407007972135;280531;32303275;FA2500091756
010540700797213517280531103230327521FA2500091758;05407007972135;280531;32303275;FA2500091758
010540700797213517280531103230327521FA2500091760;05407007972135;280531;32303275;FA2500091760
010540700797213517280531103230327521FA2500091762;05407007972135;280531;32303275;FA2500091762
010540700797213517280531103230327521FA2500091764;05407007972135;280531;32303275;FA2500091764
010540700797213517280531103230327521FA2500091766;05407007972135;280531;32303275;FA2500091766
010540700797213517280531103230327521FA2500091768;05407007972135;280531;32303275;FA2500091768
010540700797213517280531103230327521FA2500091770;05407007972135;280531;32303275;FA2500091770
010540700797213517280531103230327521FA2500091772;05407007972135;280531;32303275;FA2500091772
010540700797213517280531103230327521FA2500091774;05407007972135;280531;32303275;FA2500091774
010540700797213517280531103230327521FA2500091776;05407007972135;280531;32303275;FA2500091776
010540700797213517280531103230327521FA2500091778;05407007972135;280531;32303275;FA2500091778
010540700797213517280531103230327521FA2500091780;05407007972135;280531;32303275;FA2500091780
010540700797213517280531103230327521FA2500091782;05407007972135;280531;32303275;FA2500091782
010540700797213517280531103230327521FA2500091784;05407007972135;280531;32303275;FA2500091784
010540700797213517280531103230327521FA2500091786;05407007972135;280531;32303275;FA2500091786
